library,sample,sample_type,concentration,sort_bin,date,number_cells,R1
pool1,D5338-3_01_bin1,D5338-3,1,1,240321,143972,/uufs/chpc.utah.edu/common/home/u6042467/starr-group1/sequencing/TNS/2024/240417_Illumina_merbeco-sarbeco-sera-mAbs-breadth/240321-exp1-s1-b1_R1_001.fastq.gz
pool1,D5338-3_01_bin2,D5338-3,1,2,240321,676970,/uufs/chpc.utah.edu/common/home/u6042467/starr-group1/sequencing/TNS/2024/240417_Illumina_merbeco-sarbeco-sera-mAbs-breadth/240321-exp1-s1-b2_R1_001.fastq.gz
pool1,D5338-3_01_bin3,D5338-3,1,3,240321,1600968,/uufs/chpc.utah.edu/common/home/u6042467/starr-group1/sequencing/TNS/2024/240417_Illumina_merbeco-sarbeco-sera-mAbs-breadth/240321-exp1-s1-b3_R1_001.fastq.gz
pool1,D5338-3_01_bin4,D5338-3,1,4,240321,1807117,/uufs/chpc.utah.edu/common/home/u6042467/starr-group1/sequencing/TNS/2024/240417_Illumina_merbeco-sarbeco-sera-mAbs-breadth/240321-exp1-s1-b4_R1_001.fastq.gz
pool1,D5338-3_02_bin1,D5338-3,2,1,240321,2396847,/uufs/chpc.utah.edu/common/home/u6042467/starr-group1/sequencing/TNS/2024/240417_Illumina_merbeco-sarbeco-sera-mAbs-breadth/240321-exp1-s2-b1_R1_001.fastq.gz
pool1,D5338-3_02_bin2,D5338-3,2,2,240321,1576204,/uufs/chpc.utah.edu/common/home/u6042467/starr-group1/sequencing/TNS/2024/240417_Illumina_merbeco-sarbeco-sera-mAbs-breadth/240321-exp1-s2-b2_R1_001.fastq.gz
pool1,D5338-3_02_bin3,D5338-3,2,3,240321,555111,/uufs/chpc.utah.edu/common/home/u6042467/starr-group1/sequencing/TNS/2024/240417_Illumina_merbeco-sarbeco-sera-mAbs-breadth/240321-exp1-s2-b3_R1_001.fastq.gz
pool1,D5338-3_02_bin4,D5338-3,2,4,240321,1007,/uufs/chpc.utah.edu/common/home/u6042467/starr-group1/sequencing/TNS/2024/240417_Illumina_merbeco-sarbeco-sera-mAbs-breadth/240321-exp1-s2-b4_R1_001.fastq.gz
pool1,D5338-3_03_bin1,D5338-3,3,1,240321,4009574,/uufs/chpc.utah.edu/common/home/u6042467/starr-group1/sequencing/TNS/2024/240417_Illumina_merbeco-sarbeco-sera-mAbs-breadth/240321-exp1-s19-b1_R1_001.fastq.gz
pool1,D5338-3_03_bin2,D5338-3,3,2,240321,268822,/uufs/chpc.utah.edu/common/home/u6042467/starr-group1/sequencing/TNS/2024/240417_Illumina_merbeco-sarbeco-sera-mAbs-breadth/240321-exp1-s19-b2_R1_001.fastq.gz
pool1,D5338-3_03_bin3,D5338-3,3,3,240321,408,/uufs/chpc.utah.edu/common/home/u6042467/starr-group1/sequencing/TNS/2024/240417_Illumina_merbeco-sarbeco-sera-mAbs-breadth/240321-exp1-s19-b3_R1_001.fastq.gz
pool1,D5338-3_03_bin4,D5338-3,3,4,240321,137,/uufs/chpc.utah.edu/common/home/u6042467/starr-group1/sequencing/TNS/2024/240417_Illumina_merbeco-sarbeco-sera-mAbs-breadth/240321-exp1-s19-b4_R1_001.fastq.gz
pool1,D6391-3_01_bin1,D6391-3,1,1,240321,70398,/uufs/chpc.utah.edu/common/home/u6042467/starr-group1/sequencing/TNS/2024/240417_Illumina_merbeco-sarbeco-sera-mAbs-breadth/240321-exp1-s3-b1_R1_001.fastq.gz
pool1,D6391-3_01_bin2,D6391-3,1,2,240321,66591,/uufs/chpc.utah.edu/common/home/u6042467/starr-group1/sequencing/TNS/2024/240417_Illumina_merbeco-sarbeco-sera-mAbs-breadth/240321-exp1-s3-b2_R1_001.fastq.gz
pool1,D6391-3_01_bin3,D6391-3,1,3,240321,166317,/uufs/chpc.utah.edu/common/home/u6042467/starr-group1/sequencing/TNS/2024/240417_Illumina_merbeco-sarbeco-sera-mAbs-breadth/240321-exp1-s3-b3_R1_001.fastq.gz
pool1,D6391-3_01_bin4,D6391-3,1,4,240321,3730673,/uufs/chpc.utah.edu/common/home/u6042467/starr-group1/sequencing/TNS/2024/240417_Illumina_merbeco-sarbeco-sera-mAbs-breadth/240321-exp1-s3-b4_R1_001.fastq.gz
pool1,D6391-3_02_bin1,D6391-3,2,1,240321,421649,/uufs/chpc.utah.edu/common/home/u6042467/starr-group1/sequencing/TNS/2024/240417_Illumina_merbeco-sarbeco-sera-mAbs-breadth/240321-exp1-s4-b1_R1_001.fastq.gz
pool1,D6391-3_02_bin2,D6391-3,2,2,240321,1607289,/uufs/chpc.utah.edu/common/home/u6042467/starr-group1/sequencing/TNS/2024/240417_Illumina_merbeco-sarbeco-sera-mAbs-breadth/240321-exp1-s4-b2_R1_001.fastq.gz
pool1,D6391-3_02_bin3,D6391-3,2,3,240321,1607382,/uufs/chpc.utah.edu/common/home/u6042467/starr-group1/sequencing/TNS/2024/240417_Illumina_merbeco-sarbeco-sera-mAbs-breadth/240321-exp1-s4-b3_R1_001.fastq.gz
pool1,D6391-3_02_bin4,D6391-3,2,4,240321,1323867,/uufs/chpc.utah.edu/common/home/u6042467/starr-group1/sequencing/TNS/2024/240417_Illumina_merbeco-sarbeco-sera-mAbs-breadth/240321-exp1-s4-b4_R1_001.fastq.gz
pool1,D6391-3_03_bin1,D6391-3,3,1,240321,4009574,/uufs/chpc.utah.edu/common/home/u6042467/starr-group1/sequencing/TNS/2024/240417_Illumina_merbeco-sarbeco-sera-mAbs-breadth/240321-exp1-s19-b1_R1_001.fastq.gz
pool1,D6391-3_03_bin2,D6391-3,3,2,240321,268822,/uufs/chpc.utah.edu/common/home/u6042467/starr-group1/sequencing/TNS/2024/240417_Illumina_merbeco-sarbeco-sera-mAbs-breadth/240321-exp1-s19-b2_R1_001.fastq.gz
pool1,D6391-3_03_bin3,D6391-3,3,3,240321,408,/uufs/chpc.utah.edu/common/home/u6042467/starr-group1/sequencing/TNS/2024/240417_Illumina_merbeco-sarbeco-sera-mAbs-breadth/240321-exp1-s19-b3_R1_001.fastq.gz
pool1,D6391-3_03_bin4,D6391-3,3,4,240321,137,/uufs/chpc.utah.edu/common/home/u6042467/starr-group1/sequencing/TNS/2024/240417_Illumina_merbeco-sarbeco-sera-mAbs-breadth/240321-exp1-s19-b4_R1_001.fastq.gz
pool1,D6404-3_01_bin1,D6404-3,1,1,240321,141555,/uufs/chpc.utah.edu/common/home/u6042467/starr-group1/sequencing/TNS/2024/240417_Illumina_merbeco-sarbeco-sera-mAbs-breadth/240321-exp1-s5-b1_R1_001.fastq.gz
pool1,D6404-3_01_bin2,D6404-3,1,2,240321,207918,/uufs/chpc.utah.edu/common/home/u6042467/starr-group1/sequencing/TNS/2024/240417_Illumina_merbeco-sarbeco-sera-mAbs-breadth/240321-exp1-s5-b2_R1_001.fastq.gz
pool1,D6404-3_01_bin3,D6404-3,1,3,240321,837904,/uufs/chpc.utah.edu/common/home/u6042467/starr-group1/sequencing/TNS/2024/240417_Illumina_merbeco-sarbeco-sera-mAbs-breadth/240321-exp1-s5-b3_R1_001.fastq.gz
pool1,D6404-3_01_bin4,D6404-3,1,4,240321,3981763,/uufs/chpc.utah.edu/common/home/u6042467/starr-group1/sequencing/TNS/2024/240417_Illumina_merbeco-sarbeco-sera-mAbs-breadth/240321-exp1-s5-b4_R1_001.fastq.gz
pool1,D6404-3_02_bin1,D6404-3,2,1,240321,2067391,/uufs/chpc.utah.edu/common/home/u6042467/starr-group1/sequencing/TNS/2024/240417_Illumina_merbeco-sarbeco-sera-mAbs-breadth/240321-exp1-s6-b1_R1_001.fastq.gz
pool1,D6404-3_02_bin2,D6404-3,2,2,240321,2259936,/uufs/chpc.utah.edu/common/home/u6042467/starr-group1/sequencing/TNS/2024/240417_Illumina_merbeco-sarbeco-sera-mAbs-breadth/240321-exp1-s6-b2_R1_001.fastq.gz
pool1,D6404-3_02_bin3,D6404-3,2,3,240321,527031,/uufs/chpc.utah.edu/common/home/u6042467/starr-group1/sequencing/TNS/2024/240417_Illumina_merbeco-sarbeco-sera-mAbs-breadth/240321-exp1-s6-b3_R1_001.fastq.gz
pool1,D6404-3_02_bin4,D6404-3,2,4,240321,714616,/uufs/chpc.utah.edu/common/home/u6042467/starr-group1/sequencing/TNS/2024/240417_Illumina_merbeco-sarbeco-sera-mAbs-breadth/240321-exp1-s6-b4_R1_001.fastq.gz
pool1,D6404-3_03_bin1,D6404-3,3,1,240321,4009574,/uufs/chpc.utah.edu/common/home/u6042467/starr-group1/sequencing/TNS/2024/240417_Illumina_merbeco-sarbeco-sera-mAbs-breadth/240321-exp1-s19-b1_R1_001.fastq.gz
pool1,D6404-3_03_bin2,D6404-3,3,2,240321,268822,/uufs/chpc.utah.edu/common/home/u6042467/starr-group1/sequencing/TNS/2024/240417_Illumina_merbeco-sarbeco-sera-mAbs-breadth/240321-exp1-s19-b2_R1_001.fastq.gz
pool1,D6404-3_03_bin3,D6404-3,3,3,240321,408,/uufs/chpc.utah.edu/common/home/u6042467/starr-group1/sequencing/TNS/2024/240417_Illumina_merbeco-sarbeco-sera-mAbs-breadth/240321-exp1-s19-b3_R1_001.fastq.gz
pool1,D6404-3_03_bin4,D6404-3,3,4,240321,137,/uufs/chpc.utah.edu/common/home/u6042467/starr-group1/sequencing/TNS/2024/240417_Illumina_merbeco-sarbeco-sera-mAbs-breadth/240321-exp1-s19-b4_R1_001.fastq.gz
pool1,D5733-3_01_bin1,D5733-3,1,1,240321,153729,/uufs/chpc.utah.edu/common/home/u6042467/starr-group1/sequencing/TNS/2024/240417_Illumina_merbeco-sarbeco-sera-mAbs-breadth/240321-exp1-s7-b1_R1_001.fastq.gz
pool1,D5733-3_01_bin2,D5733-3,1,2,240321,412948,/uufs/chpc.utah.edu/common/home/u6042467/starr-group1/sequencing/TNS/2024/240417_Illumina_merbeco-sarbeco-sera-mAbs-breadth/240321-exp1-s7-b2_R1_001.fastq.gz
pool1,D5733-3_01_bin3,D5733-3,1,3,240321,1250031,/uufs/chpc.utah.edu/common/home/u6042467/starr-group1/sequencing/TNS/2024/240417_Illumina_merbeco-sarbeco-sera-mAbs-breadth/240321-exp1-s7-b3_R1_001.fastq.gz
pool1,D5733-3_01_bin4,D5733-3,1,4,240321,3145667,/uufs/chpc.utah.edu/common/home/u6042467/starr-group1/sequencing/TNS/2024/240417_Illumina_merbeco-sarbeco-sera-mAbs-breadth/240321-exp1-s7-b4_R1_001.fastq.gz
pool1,D5733-3_02_bin1,D5733-3,2,1,240321,2594425,/uufs/chpc.utah.edu/common/home/u6042467/starr-group1/sequencing/TNS/2024/240417_Illumina_merbeco-sarbeco-sera-mAbs-breadth/240321-exp1-s8-b1_R1_001.fastq.gz
pool1,D5733-3_02_bin2,D5733-3,2,2,240321,2384390,/uufs/chpc.utah.edu/common/home/u6042467/starr-group1/sequencing/TNS/2024/240417_Illumina_merbeco-sarbeco-sera-mAbs-breadth/240321-exp1-s8-b2_R1_001.fastq.gz
pool1,D5733-3_02_bin3,D5733-3,2,3,240321,190452,/uufs/chpc.utah.edu/common/home/u6042467/starr-group1/sequencing/TNS/2024/240417_Illumina_merbeco-sarbeco-sera-mAbs-breadth/240321-exp1-s8-b3_R1_001.fastq.gz
pool1,D5733-3_02_bin4,D5733-3,2,4,240321,370,/uufs/chpc.utah.edu/common/home/u6042467/starr-group1/sequencing/TNS/2024/240417_Illumina_merbeco-sarbeco-sera-mAbs-breadth/240321-exp1-s8-b4_R1_001.fastq.gz
pool1,D5733-3_03_bin1,D5733-3,3,1,240321,4009574,/uufs/chpc.utah.edu/common/home/u6042467/starr-group1/sequencing/TNS/2024/240417_Illumina_merbeco-sarbeco-sera-mAbs-breadth/240321-exp1-s19-b1_R1_001.fastq.gz
pool1,D5733-3_03_bin2,D5733-3,3,2,240321,268822,/uufs/chpc.utah.edu/common/home/u6042467/starr-group1/sequencing/TNS/2024/240417_Illumina_merbeco-sarbeco-sera-mAbs-breadth/240321-exp1-s19-b2_R1_001.fastq.gz
pool1,D5733-3_03_bin3,D5733-3,3,3,240321,408,/uufs/chpc.utah.edu/common/home/u6042467/starr-group1/sequencing/TNS/2024/240417_Illumina_merbeco-sarbeco-sera-mAbs-breadth/240321-exp1-s19-b3_R1_001.fastq.gz
pool1,D5733-3_03_bin4,D5733-3,3,4,240321,137,/uufs/chpc.utah.edu/common/home/u6042467/starr-group1/sequencing/TNS/2024/240417_Illumina_merbeco-sarbeco-sera-mAbs-breadth/240321-exp1-s19-b4_R1_001.fastq.gz
pool1,D6343-3_01_bin1,D6343-3,1,1,240321,124992,/uufs/chpc.utah.edu/common/home/u6042467/starr-group1/sequencing/TNS/2024/240417_Illumina_merbeco-sarbeco-sera-mAbs-breadth/240321-exp1-s9-b1_R1_001.fastq.gz
pool1,D6343-3_01_bin2,D6343-3,1,2,240321,209241,/uufs/chpc.utah.edu/common/home/u6042467/starr-group1/sequencing/TNS/2024/240417_Illumina_merbeco-sarbeco-sera-mAbs-breadth/240321-exp1-s9-b2_R1_001.fastq.gz
pool1,D6343-3_01_bin3,D6343-3,1,3,240321,907577,/uufs/chpc.utah.edu/common/home/u6042467/starr-group1/sequencing/TNS/2024/240417_Illumina_merbeco-sarbeco-sera-mAbs-breadth/240321-exp1-s9-b3_R1_001.fastq.gz
pool1,D6343-3_01_bin4,D6343-3,1,4,240321,3868443,/uufs/chpc.utah.edu/common/home/u6042467/starr-group1/sequencing/TNS/2024/240417_Illumina_merbeco-sarbeco-sera-mAbs-breadth/240321-exp1-s9-b4_R1_001.fastq.gz
pool1,D6343-3_02_bin1,D6343-3,2,1,240321,1746556,/uufs/chpc.utah.edu/common/home/u6042467/starr-group1/sequencing/TNS/2024/240417_Illumina_merbeco-sarbeco-sera-mAbs-breadth/240321-exp1-s10-b1_R1_001.fastq.gz
pool1,D6343-3_02_bin2,D6343-3,2,2,240321,2227453,/uufs/chpc.utah.edu/common/home/u6042467/starr-group1/sequencing/TNS/2024/240417_Illumina_merbeco-sarbeco-sera-mAbs-breadth/240321-exp1-s10-b2_R1_001.fastq.gz
pool1,D6343-3_02_bin3,D6343-3,2,3,240321,693783,/uufs/chpc.utah.edu/common/home/u6042467/starr-group1/sequencing/TNS/2024/240417_Illumina_merbeco-sarbeco-sera-mAbs-breadth/240321-exp1-s10-b3_R1_001.fastq.gz
pool1,D6343-3_02_bin4,D6343-3,2,4,240321,682,/uufs/chpc.utah.edu/common/home/u6042467/starr-group1/sequencing/TNS/2024/240417_Illumina_merbeco-sarbeco-sera-mAbs-breadth/240321-exp1-s10-b4_R1_001.fastq.gz
pool1,D6343-3_03_bin1,D6343-3,3,1,240321,4009574,/uufs/chpc.utah.edu/common/home/u6042467/starr-group1/sequencing/TNS/2024/240417_Illumina_merbeco-sarbeco-sera-mAbs-breadth/240321-exp1-s19-b1_R1_001.fastq.gz
pool1,D6343-3_03_bin2,D6343-3,3,2,240321,268822,/uufs/chpc.utah.edu/common/home/u6042467/starr-group1/sequencing/TNS/2024/240417_Illumina_merbeco-sarbeco-sera-mAbs-breadth/240321-exp1-s19-b2_R1_001.fastq.gz
pool1,D6343-3_03_bin3,D6343-3,3,3,240321,408,/uufs/chpc.utah.edu/common/home/u6042467/starr-group1/sequencing/TNS/2024/240417_Illumina_merbeco-sarbeco-sera-mAbs-breadth/240321-exp1-s19-b3_R1_001.fastq.gz
pool1,D6343-3_03_bin4,D6343-3,3,4,240321,137,/uufs/chpc.utah.edu/common/home/u6042467/starr-group1/sequencing/TNS/2024/240417_Illumina_merbeco-sarbeco-sera-mAbs-breadth/240321-exp1-s19-b4_R1_001.fastq.gz
pool1,D6271-3_01_bin1,D6271-3,1,1,240321,67161,/uufs/chpc.utah.edu/common/home/u6042467/starr-group1/sequencing/TNS/2024/240417_Illumina_merbeco-sarbeco-sera-mAbs-breadth/240321-exp1-s11-b1_R1_001.fastq.gz
pool1,D6271-3_01_bin2,D6271-3,1,2,240321,105986,/uufs/chpc.utah.edu/common/home/u6042467/starr-group1/sequencing/TNS/2024/240417_Illumina_merbeco-sarbeco-sera-mAbs-breadth/240321-exp1-s11-b2_R1_001.fastq.gz
pool1,D6271-3_01_bin3,D6271-3,1,3,240321,310723,/uufs/chpc.utah.edu/common/home/u6042467/starr-group1/sequencing/TNS/2024/240417_Illumina_merbeco-sarbeco-sera-mAbs-breadth/240321-exp1-s11-b3_R1_001.fastq.gz
pool1,D6271-3_01_bin4,D6271-3,1,4,240321,4522870,/uufs/chpc.utah.edu/common/home/u6042467/starr-group1/sequencing/TNS/2024/240417_Illumina_merbeco-sarbeco-sera-mAbs-breadth/240321-exp1-s11-b4_R1_001.fastq.gz
pool1,D6271-3_02_bin1,D6271-3,2,1,240321,820403,/uufs/chpc.utah.edu/common/home/u6042467/starr-group1/sequencing/TNS/2024/240417_Illumina_merbeco-sarbeco-sera-mAbs-breadth/240321-exp1-s12-b1_R1_001.fastq.gz
pool1,D6271-3_02_bin2,D6271-3,2,2,240321,2721323,/uufs/chpc.utah.edu/common/home/u6042467/starr-group1/sequencing/TNS/2024/240417_Illumina_merbeco-sarbeco-sera-mAbs-breadth/240321-exp1-s12-b2_R1_001.fastq.gz
pool1,D6271-3_02_bin3,D6271-3,2,3,240321,1497521,/uufs/chpc.utah.edu/common/home/u6042467/starr-group1/sequencing/TNS/2024/240417_Illumina_merbeco-sarbeco-sera-mAbs-breadth/240321-exp1-s12-b3_R1_001.fastq.gz
pool1,D6271-3_02_bin4,D6271-3,2,4,240321,55632,/uufs/chpc.utah.edu/common/home/u6042467/starr-group1/sequencing/TNS/2024/240417_Illumina_merbeco-sarbeco-sera-mAbs-breadth/240321-exp1-s12-b4_R1_001.fastq.gz
pool1,D6271-3_03_bin1,D6271-3,3,1,240321,4009574,/uufs/chpc.utah.edu/common/home/u6042467/starr-group1/sequencing/TNS/2024/240417_Illumina_merbeco-sarbeco-sera-mAbs-breadth/240321-exp1-s19-b1_R1_001.fastq.gz
pool1,D6271-3_03_bin2,D6271-3,3,2,240321,268822,/uufs/chpc.utah.edu/common/home/u6042467/starr-group1/sequencing/TNS/2024/240417_Illumina_merbeco-sarbeco-sera-mAbs-breadth/240321-exp1-s19-b2_R1_001.fastq.gz
pool1,D6271-3_03_bin3,D6271-3,3,3,240321,408,/uufs/chpc.utah.edu/common/home/u6042467/starr-group1/sequencing/TNS/2024/240417_Illumina_merbeco-sarbeco-sera-mAbs-breadth/240321-exp1-s19-b3_R1_001.fastq.gz
pool1,D6271-3_03_bin4,D6271-3,3,4,240321,137,/uufs/chpc.utah.edu/common/home/u6042467/starr-group1/sequencing/TNS/2024/240417_Illumina_merbeco-sarbeco-sera-mAbs-breadth/240321-exp1-s19-b4_R1_001.fastq.gz
pool1,D5220-3_01_bin1,D5220-3,1,1,240321,139417,/uufs/chpc.utah.edu/common/home/u6042467/starr-group1/sequencing/TNS/2024/240417_Illumina_merbeco-sarbeco-sera-mAbs-breadth/240321-exp1-s13-b1_R1_001.fastq.gz
pool1,D5220-3_01_bin2,D5220-3,1,2,240321,276325,/uufs/chpc.utah.edu/common/home/u6042467/starr-group1/sequencing/TNS/2024/240417_Illumina_merbeco-sarbeco-sera-mAbs-breadth/240321-exp1-s13-b2_R1_001.fastq.gz
pool1,D5220-3_01_bin3,D5220-3,1,3,240321,1213541,/uufs/chpc.utah.edu/common/home/u6042467/starr-group1/sequencing/TNS/2024/240417_Illumina_merbeco-sarbeco-sera-mAbs-breadth/240321-exp1-s13-b3_R1_001.fastq.gz
pool1,D5220-3_01_bin4,D5220-3,1,4,240321,3447313,/uufs/chpc.utah.edu/common/home/u6042467/starr-group1/sequencing/TNS/2024/240417_Illumina_merbeco-sarbeco-sera-mAbs-breadth/240321-exp1-s13-b4_R1_001.fastq.gz
pool1,D5220-3_02_bin1,D5220-3,2,1,240321,2528578,/uufs/chpc.utah.edu/common/home/u6042467/starr-group1/sequencing/TNS/2024/240417_Illumina_merbeco-sarbeco-sera-mAbs-breadth/240321-exp1-s14-b1_R1_001.fastq.gz
pool1,D5220-3_02_bin2,D5220-3,2,2,240321,1508272,/uufs/chpc.utah.edu/common/home/u6042467/starr-group1/sequencing/TNS/2024/240417_Illumina_merbeco-sarbeco-sera-mAbs-breadth/240321-exp1-s14-b2_R1_001.fastq.gz
pool1,D5220-3_02_bin3,D5220-3,2,3,240321,705924,/uufs/chpc.utah.edu/common/home/u6042467/starr-group1/sequencing/TNS/2024/240417_Illumina_merbeco-sarbeco-sera-mAbs-breadth/240321-exp1-s14-b3_R1_001.fastq.gz
pool1,D5220-3_02_bin4,D5220-3,2,4,240321,1568,/uufs/chpc.utah.edu/common/home/u6042467/starr-group1/sequencing/TNS/2024/240417_Illumina_merbeco-sarbeco-sera-mAbs-breadth/240321-exp1-s14-b4_R1_001.fastq.gz
pool1,D5220-3_03_bin1,D5220-3,3,1,240321,4009574,/uufs/chpc.utah.edu/common/home/u6042467/starr-group1/sequencing/TNS/2024/240417_Illumina_merbeco-sarbeco-sera-mAbs-breadth/240321-exp1-s19-b1_R1_001.fastq.gz
pool1,D5220-3_03_bin2,D5220-3,3,2,240321,268822,/uufs/chpc.utah.edu/common/home/u6042467/starr-group1/sequencing/TNS/2024/240417_Illumina_merbeco-sarbeco-sera-mAbs-breadth/240321-exp1-s19-b2_R1_001.fastq.gz
pool1,D5220-3_03_bin3,D5220-3,3,3,240321,408,/uufs/chpc.utah.edu/common/home/u6042467/starr-group1/sequencing/TNS/2024/240417_Illumina_merbeco-sarbeco-sera-mAbs-breadth/240321-exp1-s19-b3_R1_001.fastq.gz
pool1,D5220-3_03_bin4,D5220-3,3,4,240321,137,/uufs/chpc.utah.edu/common/home/u6042467/starr-group1/sequencing/TNS/2024/240417_Illumina_merbeco-sarbeco-sera-mAbs-breadth/240321-exp1-s19-b4_R1_001.fastq.gz
pool1,D5417-3_01_bin1,D5417-3,1,1,240321,151316,/uufs/chpc.utah.edu/common/home/u6042467/starr-group1/sequencing/TNS/2024/240417_Illumina_merbeco-sarbeco-sera-mAbs-breadth/240321-exp1-s15-b1_R1_001.fastq.gz
pool1,D5417-3_01_bin2,D5417-3,1,2,240321,436793,/uufs/chpc.utah.edu/common/home/u6042467/starr-group1/sequencing/TNS/2024/240417_Illumina_merbeco-sarbeco-sera-mAbs-breadth/240321-exp1-s15-b2_R1_001.fastq.gz
pool1,D5417-3_01_bin3,D5417-3,1,3,240321,1385951,/uufs/chpc.utah.edu/common/home/u6042467/starr-group1/sequencing/TNS/2024/240417_Illumina_merbeco-sarbeco-sera-mAbs-breadth/240321-exp1-s15-b3_R1_001.fastq.gz
pool1,D5417-3_01_bin4,D5417-3,1,4,240321,2314999,/uufs/chpc.utah.edu/common/home/u6042467/starr-group1/sequencing/TNS/2024/240417_Illumina_merbeco-sarbeco-sera-mAbs-breadth/240321-exp1-s15-b4_R1_001.fastq.gz
pool1,D5417-3_02_bin1,D5417-3,2,1,240321,2331242,/uufs/chpc.utah.edu/common/home/u6042467/starr-group1/sequencing/TNS/2024/240417_Illumina_merbeco-sarbeco-sera-mAbs-breadth/240321-exp1-s16-b1_R1_001.fastq.gz
pool1,D5417-3_02_bin2,D5417-3,2,2,240321,1457398,/uufs/chpc.utah.edu/common/home/u6042467/starr-group1/sequencing/TNS/2024/240417_Illumina_merbeco-sarbeco-sera-mAbs-breadth/240321-exp1-s16-b2_R1_001.fastq.gz
pool1,D5417-3_02_bin3,D5417-3,2,3,240321,783107,/uufs/chpc.utah.edu/common/home/u6042467/starr-group1/sequencing/TNS/2024/240417_Illumina_merbeco-sarbeco-sera-mAbs-breadth/240321-exp1-s16-b3_R1_001.fastq.gz
pool1,D5417-3_02_bin4,D5417-3,2,4,240321,33674,/uufs/chpc.utah.edu/common/home/u6042467/starr-group1/sequencing/TNS/2024/240417_Illumina_merbeco-sarbeco-sera-mAbs-breadth/240321-exp1-s16-b4_R1_001.fastq.gz
pool1,D5417-3_03_bin1,D5417-3,3,1,240321,4009574,/uufs/chpc.utah.edu/common/home/u6042467/starr-group1/sequencing/TNS/2024/240417_Illumina_merbeco-sarbeco-sera-mAbs-breadth/240321-exp1-s19-b1_R1_001.fastq.gz
pool1,D5417-3_03_bin2,D5417-3,3,2,240321,268822,/uufs/chpc.utah.edu/common/home/u6042467/starr-group1/sequencing/TNS/2024/240417_Illumina_merbeco-sarbeco-sera-mAbs-breadth/240321-exp1-s19-b2_R1_001.fastq.gz
pool1,D5417-3_03_bin3,D5417-3,3,3,240321,408,/uufs/chpc.utah.edu/common/home/u6042467/starr-group1/sequencing/TNS/2024/240417_Illumina_merbeco-sarbeco-sera-mAbs-breadth/240321-exp1-s19-b3_R1_001.fastq.gz
pool1,D5417-3_03_bin4,D5417-3,3,4,240321,137,/uufs/chpc.utah.edu/common/home/u6042467/starr-group1/sequencing/TNS/2024/240417_Illumina_merbeco-sarbeco-sera-mAbs-breadth/240321-exp1-s19-b4_R1_001.fastq.gz
pool1,D5379-3_01_bin1,D5379-3,1,1,240321,121664,/uufs/chpc.utah.edu/common/home/u6042467/starr-group1/sequencing/TNS/2024/240417_Illumina_merbeco-sarbeco-sera-mAbs-breadth/240321-exp1-s17-b1_R1_001.fastq.gz
pool1,D5379-3_01_bin2,D5379-3,1,2,240321,132006,/uufs/chpc.utah.edu/common/home/u6042467/starr-group1/sequencing/TNS/2024/240417_Illumina_merbeco-sarbeco-sera-mAbs-breadth/240321-exp1-s17-b2_R1_001.fastq.gz
pool1,D5379-3_01_bin3,D5379-3,1,3,240321,634619,/uufs/chpc.utah.edu/common/home/u6042467/starr-group1/sequencing/TNS/2024/240417_Illumina_merbeco-sarbeco-sera-mAbs-breadth/240321-exp1-s17-b3_R1_001.fastq.gz
pool1,D5379-3_01_bin4,D5379-3,1,4,240321,4132840,/uufs/chpc.utah.edu/common/home/u6042467/starr-group1/sequencing/TNS/2024/240417_Illumina_merbeco-sarbeco-sera-mAbs-breadth/240321-exp1-s17-b4_R1_001.fastq.gz
pool1,D5379-3_02_bin1,D5379-3,2,1,240321,1462361,/uufs/chpc.utah.edu/common/home/u6042467/starr-group1/sequencing/TNS/2024/240417_Illumina_merbeco-sarbeco-sera-mAbs-breadth/240321-exp1-s18-b1_R1_001.fastq.gz
pool1,D5379-3_02_bin2,D5379-3,2,2,240321,2563827,/uufs/chpc.utah.edu/common/home/u6042467/starr-group1/sequencing/TNS/2024/240417_Illumina_merbeco-sarbeco-sera-mAbs-breadth/240321-exp1-s18-b2_R1_001.fastq.gz
pool1,D5379-3_02_bin3,D5379-3,2,3,240321,1078599,/uufs/chpc.utah.edu/common/home/u6042467/starr-group1/sequencing/TNS/2024/240417_Illumina_merbeco-sarbeco-sera-mAbs-breadth/240321-exp1-s18-b3_R1_001.fastq.gz
pool1,D5379-3_02_bin4,D5379-3,2,4,240321,8086,/uufs/chpc.utah.edu/common/home/u6042467/starr-group1/sequencing/TNS/2024/240417_Illumina_merbeco-sarbeco-sera-mAbs-breadth/240321-exp1-s18-b4_R1_001.fastq.gz
pool1,D5379-3_03_bin1,D5379-3,3,1,240321,4009574,/uufs/chpc.utah.edu/common/home/u6042467/starr-group1/sequencing/TNS/2024/240417_Illumina_merbeco-sarbeco-sera-mAbs-breadth/240321-exp1-s19-b1_R1_001.fastq.gz
pool1,D5379-3_03_bin2,D5379-3,3,2,240321,268822,/uufs/chpc.utah.edu/common/home/u6042467/starr-group1/sequencing/TNS/2024/240417_Illumina_merbeco-sarbeco-sera-mAbs-breadth/240321-exp1-s19-b2_R1_001.fastq.gz
pool1,D5379-3_03_bin3,D5379-3,3,3,240321,408,/uufs/chpc.utah.edu/common/home/u6042467/starr-group1/sequencing/TNS/2024/240417_Illumina_merbeco-sarbeco-sera-mAbs-breadth/240321-exp1-s19-b3_R1_001.fastq.gz
pool1,D5379-3_03_bin4,D5379-3,3,4,240321,137,/uufs/chpc.utah.edu/common/home/u6042467/starr-group1/sequencing/TNS/2024/240417_Illumina_merbeco-sarbeco-sera-mAbs-breadth/240321-exp1-s19-b4_R1_001.fastq.gz
pool1,D5338-4_01_bin1,D5338-4,1,1,240325,28513,/uufs/chpc.utah.edu/common/home/u6042467/starr-group1/sequencing/TNS/2024/240417_Illumina_merbeco-sarbeco-sera-mAbs-breadth/240325-exp2-s20-b1_R1_001.fastq.gz
pool1,D5338-4_01_bin2,D5338-4,1,2,240325,57529,/uufs/chpc.utah.edu/common/home/u6042467/starr-group1/sequencing/TNS/2024/240417_Illumina_merbeco-sarbeco-sera-mAbs-breadth/240325-exp2-s20-b2_R1_001.fastq.gz
pool1,D5338-4_01_bin3,D5338-4,1,3,240325,330044,/uufs/chpc.utah.edu/common/home/u6042467/starr-group1/sequencing/TNS/2024/240417_Illumina_merbeco-sarbeco-sera-mAbs-breadth/240325-exp2-s20-b3_R1_001.fastq.gz
pool1,D5338-4_01_bin4,D5338-4,1,4,240325,3400226,/uufs/chpc.utah.edu/common/home/u6042467/starr-group1/sequencing/TNS/2024/240417_Illumina_merbeco-sarbeco-sera-mAbs-breadth/240325-exp2-s20-b4_R1_001.fastq.gz
pool1,D5338-4_02_bin1,D5338-4,2,1,240325,967236,/uufs/chpc.utah.edu/common/home/u6042467/starr-group1/sequencing/TNS/2024/240417_Illumina_merbeco-sarbeco-sera-mAbs-breadth/240325-exp2-s21-b1_R1_001.fastq.gz
pool1,D5338-4_02_bin2,D5338-4,2,2,240325,2393966,/uufs/chpc.utah.edu/common/home/u6042467/starr-group1/sequencing/TNS/2024/240417_Illumina_merbeco-sarbeco-sera-mAbs-breadth/240325-exp2-s21-b2_R1_001.fastq.gz
pool1,D5338-4_02_bin3,D5338-4,2,3,240325,1755528,/uufs/chpc.utah.edu/common/home/u6042467/starr-group1/sequencing/TNS/2024/240417_Illumina_merbeco-sarbeco-sera-mAbs-breadth/240325-exp2-s21-b3_R1_001.fastq.gz
pool1,D5338-4_02_bin4,D5338-4,2,4,240325,190934,/uufs/chpc.utah.edu/common/home/u6042467/starr-group1/sequencing/TNS/2024/240417_Illumina_merbeco-sarbeco-sera-mAbs-breadth/240325-exp2-s21-b4_R1_001.fastq.gz
pool1,D5338-4_03_bin1,D5338-4,3,1,240325,4009574,/uufs/chpc.utah.edu/common/home/u6042467/starr-group1/sequencing/TNS/2024/240417_Illumina_merbeco-sarbeco-sera-mAbs-breadth/240321-exp1-s19-b1_R1_001.fastq.gz
pool1,D5338-4_03_bin2,D5338-4,3,2,240325,268822,/uufs/chpc.utah.edu/common/home/u6042467/starr-group1/sequencing/TNS/2024/240417_Illumina_merbeco-sarbeco-sera-mAbs-breadth/240321-exp1-s19-b2_R1_001.fastq.gz
pool1,D5338-4_03_bin3,D5338-4,3,3,240325,408,/uufs/chpc.utah.edu/common/home/u6042467/starr-group1/sequencing/TNS/2024/240417_Illumina_merbeco-sarbeco-sera-mAbs-breadth/240321-exp1-s19-b3_R1_001.fastq.gz
pool1,D5338-4_03_bin4,D5338-4,3,4,240325,137,/uufs/chpc.utah.edu/common/home/u6042467/starr-group1/sequencing/TNS/2024/240417_Illumina_merbeco-sarbeco-sera-mAbs-breadth/240321-exp1-s19-b4_R1_001.fastq.gz
pool1,D6391-4_01_bin1,D6391-4,1,1,240325,23266,/uufs/chpc.utah.edu/common/home/u6042467/starr-group1/sequencing/TNS/2024/240417_Illumina_merbeco-sarbeco-sera-mAbs-breadth/240325-exp2-s22-b1_R1_001.fastq.gz
pool1,D6391-4_01_bin2,D6391-4,1,2,240325,32636,/uufs/chpc.utah.edu/common/home/u6042467/starr-group1/sequencing/TNS/2024/240417_Illumina_merbeco-sarbeco-sera-mAbs-breadth/240325-exp2-s22-b2_R1_001.fastq.gz
pool1,D6391-4_01_bin3,D6391-4,1,3,240325,104906,/uufs/chpc.utah.edu/common/home/u6042467/starr-group1/sequencing/TNS/2024/240417_Illumina_merbeco-sarbeco-sera-mAbs-breadth/240325-exp2-s22-b3_R1_001.fastq.gz
pool1,D6391-4_01_bin4,D6391-4,1,4,240325,4453971,/uufs/chpc.utah.edu/common/home/u6042467/starr-group1/sequencing/TNS/2024/240417_Illumina_merbeco-sarbeco-sera-mAbs-breadth/240325-exp2-s22-b4_R1_001.fastq.gz
pool1,D6391-4_02_bin1,D6391-4,2,1,240325,356319,/uufs/chpc.utah.edu/common/home/u6042467/starr-group1/sequencing/TNS/2024/240417_Illumina_merbeco-sarbeco-sera-mAbs-breadth/240325-exp2-s23-b1_R1_001.fastq.gz
pool1,D6391-4_02_bin2,D6391-4,2,2,240325,1448115,/uufs/chpc.utah.edu/common/home/u6042467/starr-group1/sequencing/TNS/2024/240417_Illumina_merbeco-sarbeco-sera-mAbs-breadth/240325-exp2-s23-b2_R1_001.fastq.gz
pool1,D6391-4_02_bin3,D6391-4,2,3,240325,1530638,/uufs/chpc.utah.edu/common/home/u6042467/starr-group1/sequencing/TNS/2024/240417_Illumina_merbeco-sarbeco-sera-mAbs-breadth/240325-exp2-s23-b3_R1_001.fastq.gz
pool1,D6391-4_02_bin4,D6391-4,2,4,240325,1559663,/uufs/chpc.utah.edu/common/home/u6042467/starr-group1/sequencing/TNS/2024/240417_Illumina_merbeco-sarbeco-sera-mAbs-breadth/240325-exp2-s23-b4_R1_001.fastq.gz
pool1,D6391-4_03_bin1,D6391-4,3,1,240325,4009574,/uufs/chpc.utah.edu/common/home/u6042467/starr-group1/sequencing/TNS/2024/240417_Illumina_merbeco-sarbeco-sera-mAbs-breadth/240321-exp1-s19-b1_R1_001.fastq.gz
pool1,D6391-4_03_bin2,D6391-4,3,2,240325,268822,/uufs/chpc.utah.edu/common/home/u6042467/starr-group1/sequencing/TNS/2024/240417_Illumina_merbeco-sarbeco-sera-mAbs-breadth/240321-exp1-s19-b2_R1_001.fastq.gz
pool1,D6391-4_03_bin3,D6391-4,3,3,240325,408,/uufs/chpc.utah.edu/common/home/u6042467/starr-group1/sequencing/TNS/2024/240417_Illumina_merbeco-sarbeco-sera-mAbs-breadth/240321-exp1-s19-b3_R1_001.fastq.gz
pool1,D6391-4_03_bin4,D6391-4,3,4,240325,137,/uufs/chpc.utah.edu/common/home/u6042467/starr-group1/sequencing/TNS/2024/240417_Illumina_merbeco-sarbeco-sera-mAbs-breadth/240321-exp1-s19-b4_R1_001.fastq.gz
pool1,D6404-4_01_bin1,D6404-4,1,1,240325,39615,/uufs/chpc.utah.edu/common/home/u6042467/starr-group1/sequencing/TNS/2024/240417_Illumina_merbeco-sarbeco-sera-mAbs-breadth/240325-exp2-s24-b1_R1_001.fastq.gz
pool1,D6404-4_01_bin2,D6404-4,1,2,240325,36565,/uufs/chpc.utah.edu/common/home/u6042467/starr-group1/sequencing/TNS/2024/240417_Illumina_merbeco-sarbeco-sera-mAbs-breadth/240325-exp2-s24-b2_R1_001.fastq.gz
pool1,D6404-4_01_bin3,D6404-4,1,3,240325,134144,/uufs/chpc.utah.edu/common/home/u6042467/starr-group1/sequencing/TNS/2024/240417_Illumina_merbeco-sarbeco-sera-mAbs-breadth/240325-exp2-s24-b3_R1_001.fastq.gz
pool1,D6404-4_01_bin4,D6404-4,1,4,240325,4396955,/uufs/chpc.utah.edu/common/home/u6042467/starr-group1/sequencing/TNS/2024/240417_Illumina_merbeco-sarbeco-sera-mAbs-breadth/240325-exp2-s24-b4_R1_001.fastq.gz
pool1,D6404-4_02_bin1,D6404-4,2,1,240325,533143,/uufs/chpc.utah.edu/common/home/u6042467/starr-group1/sequencing/TNS/2024/240417_Illumina_merbeco-sarbeco-sera-mAbs-breadth/240325-exp2-s25-b1_R1_001.fastq.gz
pool1,D6404-4_02_bin2,D6404-4,2,2,240325,1807475,/uufs/chpc.utah.edu/common/home/u6042467/starr-group1/sequencing/TNS/2024/240417_Illumina_merbeco-sarbeco-sera-mAbs-breadth/240325-exp2-s25-b2_R1_001.fastq.gz
pool1,D6404-4_02_bin3,D6404-4,2,3,240325,1175044,/uufs/chpc.utah.edu/common/home/u6042467/starr-group1/sequencing/TNS/2024/240417_Illumina_merbeco-sarbeco-sera-mAbs-breadth/240325-exp2-s25-b3_R1_001.fastq.gz
pool1,D6404-4_02_bin4,D6404-4,2,4,240325,1391930,/uufs/chpc.utah.edu/common/home/u6042467/starr-group1/sequencing/TNS/2024/240417_Illumina_merbeco-sarbeco-sera-mAbs-breadth/240325-exp2-s25-b4_R1_001.fastq.gz
pool1,D6404-4_03_bin1,D6404-4,3,1,240325,4009574,/uufs/chpc.utah.edu/common/home/u6042467/starr-group1/sequencing/TNS/2024/240417_Illumina_merbeco-sarbeco-sera-mAbs-breadth/240321-exp1-s19-b1_R1_001.fastq.gz
pool1,D6404-4_03_bin2,D6404-4,3,2,240325,268822,/uufs/chpc.utah.edu/common/home/u6042467/starr-group1/sequencing/TNS/2024/240417_Illumina_merbeco-sarbeco-sera-mAbs-breadth/240321-exp1-s19-b2_R1_001.fastq.gz
pool1,D6404-4_03_bin3,D6404-4,3,3,240325,408,/uufs/chpc.utah.edu/common/home/u6042467/starr-group1/sequencing/TNS/2024/240417_Illumina_merbeco-sarbeco-sera-mAbs-breadth/240321-exp1-s19-b3_R1_001.fastq.gz
pool1,D6404-4_03_bin4,D6404-4,3,4,240325,137,/uufs/chpc.utah.edu/common/home/u6042467/starr-group1/sequencing/TNS/2024/240417_Illumina_merbeco-sarbeco-sera-mAbs-breadth/240321-exp1-s19-b4_R1_001.fastq.gz
pool1,D5733-4_01_bin1,D5733-4,1,1,240325,26379,/uufs/chpc.utah.edu/common/home/u6042467/starr-group1/sequencing/TNS/2024/240417_Illumina_merbeco-sarbeco-sera-mAbs-breadth/240325-exp2-s26-b1_R1_001.fastq.gz
pool1,D5733-4_01_bin2,D5733-4,1,2,240325,28614,/uufs/chpc.utah.edu/common/home/u6042467/starr-group1/sequencing/TNS/2024/240417_Illumina_merbeco-sarbeco-sera-mAbs-breadth/240325-exp2-s26-b2_R1_001.fastq.gz
pool1,D5733-4_01_bin3,D5733-4,1,3,240325,163462,/uufs/chpc.utah.edu/common/home/u6042467/starr-group1/sequencing/TNS/2024/240417_Illumina_merbeco-sarbeco-sera-mAbs-breadth/240325-exp2-s26-b3_R1_001.fastq.gz
pool1,D5733-4_01_bin4,D5733-4,1,4,240325,4142577,/uufs/chpc.utah.edu/common/home/u6042467/starr-group1/sequencing/TNS/2024/240417_Illumina_merbeco-sarbeco-sera-mAbs-breadth/240325-exp2-s26-b4_R1_001.fastq.gz
pool1,D5733-4_02_bin1,D5733-4,2,1,240325,262608,/uufs/chpc.utah.edu/common/home/u6042467/starr-group1/sequencing/TNS/2024/240417_Illumina_merbeco-sarbeco-sera-mAbs-breadth/240325-exp2-s27-b1_R1_001.fastq.gz
pool1,D5733-4_02_bin2,D5733-4,2,2,240325,1051404,/uufs/chpc.utah.edu/common/home/u6042467/starr-group1/sequencing/TNS/2024/240417_Illumina_merbeco-sarbeco-sera-mAbs-breadth/240325-exp2-s27-b2_R1_001.fastq.gz
pool1,D5733-4_02_bin3,D5733-4,2,3,240325,3242511,/uufs/chpc.utah.edu/common/home/u6042467/starr-group1/sequencing/TNS/2024/240417_Illumina_merbeco-sarbeco-sera-mAbs-breadth/240325-exp2-s27-b3_R1_001.fastq.gz
pool1,D5733-4_02_bin4,D5733-4,2,4,240325,665202,/uufs/chpc.utah.edu/common/home/u6042467/starr-group1/sequencing/TNS/2024/240417_Illumina_merbeco-sarbeco-sera-mAbs-breadth/240325-exp2-s27-b4_R1_001.fastq.gz
pool1,D5733-4_03_bin1,D5733-4,3,1,240325,4009574,/uufs/chpc.utah.edu/common/home/u6042467/starr-group1/sequencing/TNS/2024/240417_Illumina_merbeco-sarbeco-sera-mAbs-breadth/240321-exp1-s19-b1_R1_001.fastq.gz
pool1,D5733-4_03_bin2,D5733-4,3,2,240325,268822,/uufs/chpc.utah.edu/common/home/u6042467/starr-group1/sequencing/TNS/2024/240417_Illumina_merbeco-sarbeco-sera-mAbs-breadth/240321-exp1-s19-b2_R1_001.fastq.gz
pool1,D5733-4_03_bin3,D5733-4,3,3,240325,408,/uufs/chpc.utah.edu/common/home/u6042467/starr-group1/sequencing/TNS/2024/240417_Illumina_merbeco-sarbeco-sera-mAbs-breadth/240321-exp1-s19-b3_R1_001.fastq.gz
pool1,D5733-4_03_bin4,D5733-4,3,4,240325,137,/uufs/chpc.utah.edu/common/home/u6042467/starr-group1/sequencing/TNS/2024/240417_Illumina_merbeco-sarbeco-sera-mAbs-breadth/240321-exp1-s19-b4_R1_001.fastq.gz
pool1,D6343-4_01_bin1,D6343-4,1,1,240325,32218,/uufs/chpc.utah.edu/common/home/u6042467/starr-group1/sequencing/TNS/2024/240417_Illumina_merbeco-sarbeco-sera-mAbs-breadth/240325-exp2-s28-b1_R1_001.fastq.gz
pool1,D6343-4_01_bin2,D6343-4,1,2,240325,19904,/uufs/chpc.utah.edu/common/home/u6042467/starr-group1/sequencing/TNS/2024/240417_Illumina_merbeco-sarbeco-sera-mAbs-breadth/240325-exp2-s28-b2_R1_001.fastq.gz
pool1,D6343-4_01_bin3,D6343-4,1,3,240325,93102,/uufs/chpc.utah.edu/common/home/u6042467/starr-group1/sequencing/TNS/2024/240417_Illumina_merbeco-sarbeco-sera-mAbs-breadth/240325-exp2-s28-b3_R1_001.fastq.gz
pool1,D6343-4_01_bin4,D6343-4,1,4,240325,3617620,/uufs/chpc.utah.edu/common/home/u6042467/starr-group1/sequencing/TNS/2024/240417_Illumina_merbeco-sarbeco-sera-mAbs-breadth/240325-exp2-s28-b4_R1_001.fastq.gz
pool1,D6343-4_02_bin1,D6343-4,2,1,240325,216126,/uufs/chpc.utah.edu/common/home/u6042467/starr-group1/sequencing/TNS/2024/240417_Illumina_merbeco-sarbeco-sera-mAbs-breadth/240325-exp2-s29-b1_R1_001.fastq.gz
pool1,D6343-4_02_bin2,D6343-4,2,2,240325,1369047,/uufs/chpc.utah.edu/common/home/u6042467/starr-group1/sequencing/TNS/2024/240417_Illumina_merbeco-sarbeco-sera-mAbs-breadth/240325-exp2-s29-b2_R1_001.fastq.gz
pool1,D6343-4_02_bin3,D6343-4,2,3,240325,3011032,/uufs/chpc.utah.edu/common/home/u6042467/starr-group1/sequencing/TNS/2024/240417_Illumina_merbeco-sarbeco-sera-mAbs-breadth/240325-exp2-s29-b3_R1_001.fastq.gz
pool1,D6343-4_02_bin4,D6343-4,2,4,240325,408430,/uufs/chpc.utah.edu/common/home/u6042467/starr-group1/sequencing/TNS/2024/240417_Illumina_merbeco-sarbeco-sera-mAbs-breadth/240325-exp2-s29-b4_R1_001.fastq.gz
pool1,D6343-4_03_bin1,D6343-4,3,1,240325,4009574,/uufs/chpc.utah.edu/common/home/u6042467/starr-group1/sequencing/TNS/2024/240417_Illumina_merbeco-sarbeco-sera-mAbs-breadth/240321-exp1-s19-b1_R1_001.fastq.gz
pool1,D6343-4_03_bin2,D6343-4,3,2,240325,268822,/uufs/chpc.utah.edu/common/home/u6042467/starr-group1/sequencing/TNS/2024/240417_Illumina_merbeco-sarbeco-sera-mAbs-breadth/240321-exp1-s19-b2_R1_001.fastq.gz
pool1,D6343-4_03_bin3,D6343-4,3,3,240325,408,/uufs/chpc.utah.edu/common/home/u6042467/starr-group1/sequencing/TNS/2024/240417_Illumina_merbeco-sarbeco-sera-mAbs-breadth/240321-exp1-s19-b3_R1_001.fastq.gz
pool1,D6343-4_03_bin4,D6343-4,3,4,240325,137,/uufs/chpc.utah.edu/common/home/u6042467/starr-group1/sequencing/TNS/2024/240417_Illumina_merbeco-sarbeco-sera-mAbs-breadth/240321-exp1-s19-b4_R1_001.fastq.gz
pool1,D6271-4_01_bin1,D6271-4,1,1,240325,12901,/uufs/chpc.utah.edu/common/home/u6042467/starr-group1/sequencing/TNS/2024/240417_Illumina_merbeco-sarbeco-sera-mAbs-breadth/240325-exp2-s30-b1_R1_001.fastq.gz
pool1,D6271-4_01_bin2,D6271-4,1,2,240325,20252,/uufs/chpc.utah.edu/common/home/u6042467/starr-group1/sequencing/TNS/2024/240417_Illumina_merbeco-sarbeco-sera-mAbs-breadth/240325-exp2-s30-b2_R1_001.fastq.gz
pool1,D6271-4_01_bin3,D6271-4,1,3,240325,71877,/uufs/chpc.utah.edu/common/home/u6042467/starr-group1/sequencing/TNS/2024/240417_Illumina_merbeco-sarbeco-sera-mAbs-breadth/240325-exp2-s30-b3_R1_001.fastq.gz
pool1,D6271-4_01_bin4,D6271-4,1,4,240325,3969597,/uufs/chpc.utah.edu/common/home/u6042467/starr-group1/sequencing/TNS/2024/240417_Illumina_merbeco-sarbeco-sera-mAbs-breadth/240325-exp2-s30-b4_R1_001.fastq.gz
pool1,D6271-4_02_bin1,D6271-4,2,1,240325,171302,/uufs/chpc.utah.edu/common/home/u6042467/starr-group1/sequencing/TNS/2024/240417_Illumina_merbeco-sarbeco-sera-mAbs-breadth/240325-exp2-s31-b1_R1_001.fastq.gz
pool1,D6271-4_02_bin2,D6271-4,2,2,240325,784945,/uufs/chpc.utah.edu/common/home/u6042467/starr-group1/sequencing/TNS/2024/240417_Illumina_merbeco-sarbeco-sera-mAbs-breadth/240325-exp2-s31-b2_R1_001.fastq.gz
pool1,D6271-4_02_bin3,D6271-4,2,3,240325,2892823,/uufs/chpc.utah.edu/common/home/u6042467/starr-group1/sequencing/TNS/2024/240417_Illumina_merbeco-sarbeco-sera-mAbs-breadth/240325-exp2-s31-b3_R1_001.fastq.gz
pool1,D6271-4_02_bin4,D6271-4,2,4,240325,1639602,/uufs/chpc.utah.edu/common/home/u6042467/starr-group1/sequencing/TNS/2024/240417_Illumina_merbeco-sarbeco-sera-mAbs-breadth/240325-exp2-s31-b4_R1_001.fastq.gz
pool1,D6271-4_03_bin1,D6271-4,3,1,240325,4009574,/uufs/chpc.utah.edu/common/home/u6042467/starr-group1/sequencing/TNS/2024/240417_Illumina_merbeco-sarbeco-sera-mAbs-breadth/240321-exp1-s19-b1_R1_001.fastq.gz
pool1,D6271-4_03_bin2,D6271-4,3,2,240325,268822,/uufs/chpc.utah.edu/common/home/u6042467/starr-group1/sequencing/TNS/2024/240417_Illumina_merbeco-sarbeco-sera-mAbs-breadth/240321-exp1-s19-b2_R1_001.fastq.gz
pool1,D6271-4_03_bin3,D6271-4,3,3,240325,408,/uufs/chpc.utah.edu/common/home/u6042467/starr-group1/sequencing/TNS/2024/240417_Illumina_merbeco-sarbeco-sera-mAbs-breadth/240321-exp1-s19-b3_R1_001.fastq.gz
pool1,D6271-4_03_bin4,D6271-4,3,4,240325,137,/uufs/chpc.utah.edu/common/home/u6042467/starr-group1/sequencing/TNS/2024/240417_Illumina_merbeco-sarbeco-sera-mAbs-breadth/240321-exp1-s19-b4_R1_001.fastq.gz
pool1,D5220-4_01_bin1,D5220-4,1,1,240325,28452,/uufs/chpc.utah.edu/common/home/u6042467/starr-group1/sequencing/TNS/2024/240417_Illumina_merbeco-sarbeco-sera-mAbs-breadth/240325-exp2-s32-b1_R1_001.fastq.gz
pool1,D5220-4_01_bin2,D5220-4,1,2,240325,24148,/uufs/chpc.utah.edu/common/home/u6042467/starr-group1/sequencing/TNS/2024/240417_Illumina_merbeco-sarbeco-sera-mAbs-breadth/240325-exp2-s32-b2_R1_001.fastq.gz
pool1,D5220-4_01_bin3,D5220-4,1,3,240325,97091,/uufs/chpc.utah.edu/common/home/u6042467/starr-group1/sequencing/TNS/2024/240417_Illumina_merbeco-sarbeco-sera-mAbs-breadth/240325-exp2-s32-b3_R1_001.fastq.gz
pool1,D5220-4_01_bin4,D5220-4,1,4,240325,3729184,/uufs/chpc.utah.edu/common/home/u6042467/starr-group1/sequencing/TNS/2024/240417_Illumina_merbeco-sarbeco-sera-mAbs-breadth/240325-exp2-s32-b4_R1_001.fastq.gz
pool1,D5220-4_02_bin1,D5220-4,2,1,240325,231250,/uufs/chpc.utah.edu/common/home/u6042467/starr-group1/sequencing/TNS/2024/240417_Illumina_merbeco-sarbeco-sera-mAbs-breadth/240325-exp2-s33-b1_R1_001.fastq.gz
pool1,D5220-4_02_bin2,D5220-4,2,2,240325,1218969,/uufs/chpc.utah.edu/common/home/u6042467/starr-group1/sequencing/TNS/2024/240417_Illumina_merbeco-sarbeco-sera-mAbs-breadth/240325-exp2-s33-b2_R1_001.fastq.gz
pool1,D5220-4_02_bin3,D5220-4,2,3,240325,2440882,/uufs/chpc.utah.edu/common/home/u6042467/starr-group1/sequencing/TNS/2024/240417_Illumina_merbeco-sarbeco-sera-mAbs-breadth/240325-exp2-s33-b3_R1_001.fastq.gz
pool1,D5220-4_02_bin4,D5220-4,2,4,240325,1061144,/uufs/chpc.utah.edu/common/home/u6042467/starr-group1/sequencing/TNS/2024/240417_Illumina_merbeco-sarbeco-sera-mAbs-breadth/240325-exp2-s33-b4_R1_001.fastq.gz
pool1,D5220-4_03_bin1,D5220-4,3,1,240325,4009574,/uufs/chpc.utah.edu/common/home/u6042467/starr-group1/sequencing/TNS/2024/240417_Illumina_merbeco-sarbeco-sera-mAbs-breadth/240321-exp1-s19-b1_R1_001.fastq.gz
pool1,D5220-4_03_bin2,D5220-4,3,2,240325,268822,/uufs/chpc.utah.edu/common/home/u6042467/starr-group1/sequencing/TNS/2024/240417_Illumina_merbeco-sarbeco-sera-mAbs-breadth/240321-exp1-s19-b2_R1_001.fastq.gz
pool1,D5220-4_03_bin3,D5220-4,3,3,240325,408,/uufs/chpc.utah.edu/common/home/u6042467/starr-group1/sequencing/TNS/2024/240417_Illumina_merbeco-sarbeco-sera-mAbs-breadth/240321-exp1-s19-b3_R1_001.fastq.gz
pool1,D5220-4_03_bin4,D5220-4,3,4,240325,137,/uufs/chpc.utah.edu/common/home/u6042467/starr-group1/sequencing/TNS/2024/240417_Illumina_merbeco-sarbeco-sera-mAbs-breadth/240321-exp1-s19-b4_R1_001.fastq.gz
pool1,D5417-4_01_bin1,D5417-4,1,1,240325,23742,/uufs/chpc.utah.edu/common/home/u6042467/starr-group1/sequencing/TNS/2024/240417_Illumina_merbeco-sarbeco-sera-mAbs-breadth/240325-exp2-s34-b1_R1_001.fastq.gz
pool1,D5417-4_01_bin2,D5417-4,1,2,240325,15211,/uufs/chpc.utah.edu/common/home/u6042467/starr-group1/sequencing/TNS/2024/240417_Illumina_merbeco-sarbeco-sera-mAbs-breadth/240325-exp2-s34-b2_R1_001.fastq.gz
pool1,D5417-4_01_bin3,D5417-4,1,3,240325,47671,/uufs/chpc.utah.edu/common/home/u6042467/starr-group1/sequencing/TNS/2024/240417_Illumina_merbeco-sarbeco-sera-mAbs-breadth/240325-exp2-s34-b3_R1_001.fastq.gz
pool1,D5417-4_01_bin4,D5417-4,1,4,240325,4030130,/uufs/chpc.utah.edu/common/home/u6042467/starr-group1/sequencing/TNS/2024/240417_Illumina_merbeco-sarbeco-sera-mAbs-breadth/240325-exp2-s34-b4_R1_001.fastq.gz
pool1,D5417-4_02_bin1,D5417-4,2,1,240325,94779,/uufs/chpc.utah.edu/common/home/u6042467/starr-group1/sequencing/TNS/2024/240417_Illumina_merbeco-sarbeco-sera-mAbs-breadth/240325-exp2-s35-b1_R1_001.fastq.gz
pool1,D5417-4_02_bin2,D5417-4,2,2,240325,477587,/uufs/chpc.utah.edu/common/home/u6042467/starr-group1/sequencing/TNS/2024/240417_Illumina_merbeco-sarbeco-sera-mAbs-breadth/240325-exp2-s35-b2_R1_001.fastq.gz
pool1,D5417-4_02_bin3,D5417-4,2,3,240325,2533158,/uufs/chpc.utah.edu/common/home/u6042467/starr-group1/sequencing/TNS/2024/240417_Illumina_merbeco-sarbeco-sera-mAbs-breadth/240325-exp2-s35-b3_R1_001.fastq.gz
pool1,D5417-4_02_bin4,D5417-4,2,4,240325,1998711,/uufs/chpc.utah.edu/common/home/u6042467/starr-group1/sequencing/TNS/2024/240417_Illumina_merbeco-sarbeco-sera-mAbs-breadth/240325-exp2-s35-b4_R1_001.fastq.gz
pool1,D5417-4_03_bin1,D5417-4,3,1,240325,4009574,/uufs/chpc.utah.edu/common/home/u6042467/starr-group1/sequencing/TNS/2024/240417_Illumina_merbeco-sarbeco-sera-mAbs-breadth/240321-exp1-s19-b1_R1_001.fastq.gz
pool1,D5417-4_03_bin2,D5417-4,3,2,240325,268822,/uufs/chpc.utah.edu/common/home/u6042467/starr-group1/sequencing/TNS/2024/240417_Illumina_merbeco-sarbeco-sera-mAbs-breadth/240321-exp1-s19-b2_R1_001.fastq.gz
pool1,D5417-4_03_bin3,D5417-4,3,3,240325,408,/uufs/chpc.utah.edu/common/home/u6042467/starr-group1/sequencing/TNS/2024/240417_Illumina_merbeco-sarbeco-sera-mAbs-breadth/240321-exp1-s19-b3_R1_001.fastq.gz
pool1,D5417-4_03_bin4,D5417-4,3,4,240325,137,/uufs/chpc.utah.edu/common/home/u6042467/starr-group1/sequencing/TNS/2024/240417_Illumina_merbeco-sarbeco-sera-mAbs-breadth/240321-exp1-s19-b4_R1_001.fastq.gz
pool1,D5379-4_01_bin1,D5379-4,1,1,240325,25263,/uufs/chpc.utah.edu/common/home/u6042467/starr-group1/sequencing/TNS/2024/240417_Illumina_merbeco-sarbeco-sera-mAbs-breadth/240325-exp2-s36-b1_R1_001.fastq.gz
pool1,D5379-4_01_bin2,D5379-4,1,2,240325,20064,/uufs/chpc.utah.edu/common/home/u6042467/starr-group1/sequencing/TNS/2024/240417_Illumina_merbeco-sarbeco-sera-mAbs-breadth/240325-exp2-s36-b2_R1_001.fastq.gz
pool1,D5379-4_01_bin3,D5379-4,1,3,240325,122656,/uufs/chpc.utah.edu/common/home/u6042467/starr-group1/sequencing/TNS/2024/240417_Illumina_merbeco-sarbeco-sera-mAbs-breadth/240325-exp2-s36-b3_R1_001.fastq.gz
pool1,D5379-4_01_bin4,D5379-4,1,4,240325,3501956,/uufs/chpc.utah.edu/common/home/u6042467/starr-group1/sequencing/TNS/2024/240417_Illumina_merbeco-sarbeco-sera-mAbs-breadth/240325-exp2-s36-b4_R1_001.fastq.gz
pool1,D5379-4_02_bin1,D5379-4,2,1,240325,468628,/uufs/chpc.utah.edu/common/home/u6042467/starr-group1/sequencing/TNS/2024/240417_Illumina_merbeco-sarbeco-sera-mAbs-breadth/240325-exp2-s37-b1_R1_001.fastq.gz
pool1,D5379-4_02_bin2,D5379-4,2,2,240325,1368298,/uufs/chpc.utah.edu/common/home/u6042467/starr-group1/sequencing/TNS/2024/240417_Illumina_merbeco-sarbeco-sera-mAbs-breadth/240325-exp2-s37-b2_R1_001.fastq.gz
pool1,D5379-4_02_bin3,D5379-4,2,3,240325,1550056,/uufs/chpc.utah.edu/common/home/u6042467/starr-group1/sequencing/TNS/2024/240417_Illumina_merbeco-sarbeco-sera-mAbs-breadth/240325-exp2-s37-b3_R1_001.fastq.gz
pool1,D5379-4_02_bin4,D5379-4,2,4,240325,1957666,/uufs/chpc.utah.edu/common/home/u6042467/starr-group1/sequencing/TNS/2024/240417_Illumina_merbeco-sarbeco-sera-mAbs-breadth/240325-exp2-s37-b4_R1_001.fastq.gz
pool1,D5379-4_03_bin1,D5379-4,3,1,240325,4009574,/uufs/chpc.utah.edu/common/home/u6042467/starr-group1/sequencing/TNS/2024/240417_Illumina_merbeco-sarbeco-sera-mAbs-breadth/240321-exp1-s19-b1_R1_001.fastq.gz
pool1,D5379-4_03_bin2,D5379-4,3,2,240325,268822,/uufs/chpc.utah.edu/common/home/u6042467/starr-group1/sequencing/TNS/2024/240417_Illumina_merbeco-sarbeco-sera-mAbs-breadth/240321-exp1-s19-b2_R1_001.fastq.gz
pool1,D5379-4_03_bin3,D5379-4,3,3,240325,408,/uufs/chpc.utah.edu/common/home/u6042467/starr-group1/sequencing/TNS/2024/240417_Illumina_merbeco-sarbeco-sera-mAbs-breadth/240321-exp1-s19-b3_R1_001.fastq.gz
pool1,D5379-4_03_bin4,D5379-4,3,4,240325,137,/uufs/chpc.utah.edu/common/home/u6042467/starr-group1/sequencing/TNS/2024/240417_Illumina_merbeco-sarbeco-sera-mAbs-breadth/240321-exp1-s19-b4_R1_001.fastq.gz